DateTime,Fsed_frp,Fsed_frp.1,RMSE
2021-11-08 06:59:56,0.00515601402015598,0.112477842014926,0.0418828219804967
2021-11-08 06:59:46,0.00515601402015598,0.112477842014926,0.0418828219804967
2021-11-08 06:59:36,0.00516612061394751,0.112466816752035,0.0419026375194968
2021-11-08 06:59:26,0.00517088773060295,0.112463599211037,0.0419843860669235
2021-11-08 06:59:17,0.00515635881932976,0.112470769020601,0.0423374459251784
2021-11-08 06:59:07,0.00515371341768561,0.112468790994648,0.0419578641319552
2021-11-08 06:58:57,0.00515601402015598,0.112477842014926,0.0418828219804967
2021-11-08 06:58:48,0.00516616812975697,0.112463838002259,0.0426334119571014
2021-11-08 06:58:38,0.00517807778963554,0.112458638118674,0.0423067811696045
2021-11-08 06:58:29,0.00517674297859029,0.11246569564005,0.0422192771666804
2021-11-08 06:58:19,0.00517521484170827,0.112462978389142,0.0419203123287937
2021-11-08 06:58:10,0.00517113568688091,0.112467524335564,0.0421070241579023
2021-11-08 06:57:59,0.00515664022424298,0.112473160795668,0.0419146763962114
2021-11-08 06:57:49,0.00517259196033019,0.112471816417664,0.0421607323779009
2021-11-08 06:57:40,0.00515702574543007,0.112475362980201,0.0421043236789823
2021-11-08 06:57:29,0.00516064289864226,0.112469117706136,0.0423489934282645
2021-11-08 06:57:19,0.00517074452333764,0.112468917895917,0.041727309677109
2021-11-08 06:57:10,0.00516226679571785,0.112467087316578,0.0422501004523454
2021-11-08 06:57:00,0.00517072195936994,0.112466364325194,0.0422183928231241
2021-11-08 06:56:50,0.00517024863819303,0.112466864745275,0.042029423659663
2021-11-08 06:56:41,0.00516868423703302,0.112470124226955,0.0422976915923972
2021-11-08 06:56:31,0.00516623316445227,0.112466819068591,0.0423046630543489
2021-11-08 06:56:22,0.0051673209087365,0.112468625833393,0.0419984169153586
2021-11-08 06:56:12,0.0051654788883804,0.112468495958712,0.04186341681543
2021-11-08 06:56:02,0.00517064841981837,0.112463525263474,0.041975877578382
2021-11-08 06:55:53,0.0051695875361883,0.11246301260849,0.041978624762032
2021-11-08 06:55:43,0.00518114365599254,0.112451348254769,0.0425240406534599
2021-11-08 06:55:32,0.00516527094202953,0.112468610778263,0.0416733435311291
2021-11-08 06:55:23,0.0051808549724772,0.112447821108812,0.0419278209866588
2021-11-08 06:55:13,0.00517487082710291,0.112460221073798,0.0415080930589089
2021-11-08 06:55:02,0.00518130129902187,0.112453409084211,0.0420106951175915
2021-11-08 06:54:52,0.00518456191458309,0.112447480679324,0.0419403101241026
2021-11-08 06:54:42,0.00518358641889834,0.112453617015052,0.0417464404156982
2021-11-08 06:54:32,0.00518033323031061,0.112450566913374,0.0421390482873789
2021-11-08 06:54:23,0.0051712257524626,0.112461594602169,0.0417067137512672
2021-11-08 06:54:13,0.00517720576389938,0.112461433866106,0.04229246591815
2021-11-08 06:54:03,0.00518456822165968,0.112445127711276,0.0420636948163906
2021-11-08 06:53:53,0.00518336454312539,0.11244656673601,0.0420505016007394
2021-11-08 06:53:43,0.00517544393350476,0.112458870959494,0.0418878473432462
2021-11-08 06:53:33,0.00517619404166518,0.112459682683104,0.0422613873104956
2021-11-08 06:53:23,0.00517897225111651,0.112461458099577,0.0420106792922145
2021-11-08 06:53:13,0.00519518301160653,0.112442601103541,0.0419478285564534
2021-11-08 06:53:03,0.00518061012663673,0.112449848038995,0.0418863488082074
2021-11-08 06:52:53,0.00517313383238576,0.112458356872571,0.0418496404391844
2021-11-08 06:52:44,0.00517764116342004,0.112453864641155,0.0420557652090852
2021-11-08 06:52:34,0.00516223292938901,0.112465493140345,0.0421806405667355
2021-11-08 06:52:24,0.00517292482819038,0.112461206071202,0.0416052500154166
2021-11-08 06:52:15,0.00516549781339883,0.112465900458824,0.042437686198298
2021-11-08 06:52:05,0.00516139850559489,0.112470387850701,0.0423380609413899
2021-11-08 06:51:56,0.00516196771900711,0.112475878316033,0.0420668289570073
2021-11-08 06:51:46,0.00515302630301713,0.112475693134751,0.0423775984251049
2021-11-08 06:51:36,0.00516331589926187,0.112474641005037,0.0417702596839372
2021-11-08 06:51:27,0.00516999333937928,0.112453637293928,0.0418191291677405
2021-11-08 06:51:17,0.00515903124098475,0.112472835875099,0.0421445543798119
2021-11-08 06:51:07,0.00516479958196804,0.11246156498535,0.041922437081161
2021-11-08 06:50:57,0.00516971168866642,0.112459852461986,0.0420215012757243
2021-11-08 06:50:47,0.00516365971747797,0.112470504361264,0.0421075329400947
2021-11-08 06:50:37,0.0051556252052762,0.112477184456938,0.0422134661520453
2021-11-08 06:50:27,0.00516057029927136,0.112469403489267,0.0417739884914931
2021-11-08 06:50:17,0.00513765120800897,0.112490019341797,0.0422542024302885
2021-11-08 06:50:07,0.00516016339498149,0.112467876428093,0.041918597719985
2021-11-08 06:49:57,0.00516900159021613,0.112457680719945,0.042032586119938
2021-11-08 06:49:47,0.00517186899288815,0.112467714526642,0.0417325478987595
2021-11-08 06:49:38,0.00515414594398492,0.112476617196577,0.0416455137241881
2021-11-08 06:49:28,0.00517451367629955,0.112453655424513,0.0417853912946185
2021-11-08 06:49:18,0.00516373405562958,0.112469761346222,0.0423501092566612
2021-11-08 06:49:08,0.00516255135852229,0.11246188798464,0.0419182928814147
2021-11-08 06:48:59,0.00517131736083082,0.112470037545691,0.0422193857981649
2021-11-08 06:48:49,0.00516555947728878,0.112468642824146,0.041745327986363
2021-11-08 06:48:39,0.00516206869453486,0.112467514818375,0.0418472021915841
2021-11-08 06:48:30,0.00517204502316574,0.112455277485991,0.0422928878787764
2021-11-08 06:48:20,0.00517154445132201,0.112461309665089,0.0419713051035953
2021-11-08 06:48:10,0.00517048910336662,0.112460888260611,0.0420067886948289
2021-11-08 06:48:00,0.00515789903159578,0.112461515385309,0.0418719910265483
2021-11-08 06:47:51,0.00516310996381305,0.112455772033794,0.0421679819328982
2021-11-08 06:47:41,0.00516423986281808,0.112456457003981,0.0420146804473706
2021-11-08 06:47:31,0.00516309555231954,0.112467420579458,0.0420352200733596
2021-11-08 06:47:21,0.00514948076501271,0.112456754699097,0.0421098184367423
2021-11-08 06:47:11,0.00516997628728295,0.112454494132891,0.0423645120154179
2021-11-08 06:47:02,0.00517163386315971,0.112461039156989,0.0420022650023461
2021-11-08 06:46:52,0.00516712168049771,0.112476909223988,0.0419161595222129
2021-11-08 06:46:42,0.00516776659129828,0.112469682738665,0.04207350002463
2021-11-08 06:46:31,0.0051733711078856,0.112461075970528,0.0423314278189562
2021-11-08 06:46:21,0.00515765731939447,0.112457882019623,0.0417890556035081
2021-11-08 06:46:12,0.00513790494189885,0.112474787677556,0.0421181924774915
2021-11-08 06:46:02,0.00517872421163851,0.112449908726144,0.0420617149473607
2021-11-08 06:45:51,0.00516225311927106,0.11246109899433,0.0421609897481928
2021-11-08 06:45:41,0.00519574416294815,0.112445230887783,0.0423532328392959
2021-11-08 06:45:30,0.0051732156256239,0.112445794999748,0.0417545298139614
2021-11-08 06:45:20,0.00516411021501921,0.112463679097947,0.0419604650560577
2021-11-08 06:45:10,0.00518209065969509,0.112454929255169,0.0421965267120148
2021-11-08 06:45:00,0.00516405064161164,0.112466630173209,0.0417067684812056
2021-11-08 06:44:51,0.00519325785503047,0.112422954722766,0.0422771635830693
2021-11-08 06:44:41,0.00516159583740177,0.11248830033244,0.0420083943664711
2021-11-08 06:44:31,0.0051774884174793,0.112447320403231,0.0418337529231608
2021-11-08 06:44:21,0.00516240325981,0.112466475283243,0.0418557773034051
2021-11-08 06:44:11,0.00519112711541776,0.112440112386298,0.0419343896350654
2021-11-08 06:44:02,0.00518605513332306,0.112438097351332,0.0420389210912221
2021-11-08 06:43:52,0.00518185848578868,0.112439194112509,0.0423865551116244
2021-11-08 06:43:42,0.00518699858757078,0.112470029714476,0.0421336686171249
2021-11-08 06:43:32,0.00517080211742933,0.112461716499761,0.0416753592134857
2021-11-08 06:43:22,0.0051755448995054,0.112460450053172,0.0415392739074893
2021-11-08 06:43:12,0.00515568366610901,0.112451069462133,0.0424091348032047
2021-11-08 06:43:02,0.00516868694444069,0.11246964281916,0.0425032325282141
2021-11-08 06:42:52,0.00517496355594467,0.112454489861107,0.0420113413180699
2021-11-08 06:42:43,0.00517977757448724,0.11244162651242,0.0421288993319486
2021-11-08 06:42:33,0.00518672010313468,0.112455049259232,0.0418636894311151
2021-11-08 06:42:23,0.00517761905256359,0.112444343904201,0.0421824692948391
2021-11-08 06:42:13,0.00519735892229374,0.112420079436185,0.042372861757075
2021-11-08 06:42:03,0.0051843239586749,0.112443674025399,0.0418011158788364
2021-11-08 06:41:53,0.00518047355161448,0.112427092566119,0.0423270069213137
2021-11-08 06:41:43,0.00520173277790597,0.112441384984263,0.0417672367026574
2021-11-08 06:41:34,0.00523089372596053,0.112403550372793,0.0426012698741177
2021-11-08 06:41:24,0.00515712083903909,0.112453560368207,0.0421751206067489
2021-11-08 06:41:14,0.00520627954426215,0.112418202105357,0.0426215924795013
2021-11-08 06:41:04,0.00515101394562228,0.1124610387665,0.0418851794695871
2021-11-08 06:40:54,0.00523707783559655,0.112418351696633,0.0419842020860907
2021-11-08 06:40:44,0.00526147005631454,0.112332414198126,0.0425823476428082
2021-11-08 06:40:34,0.00521282846629652,0.112453002650494,0.0422905644024028
2021-11-08 06:40:24,0.00524522949127876,0.112409982623864,0.0420501066264102
2021-11-08 06:40:13,0.00521347754470147,0.112382354767588,0.0421169803266543
2021-11-08 06:40:04,0.00516276004283489,0.112441335933645,0.0419385495675529
2021-11-08 06:39:54,0.00520317391352186,0.112443040112494,0.0423564730549132
2021-11-08 06:39:44,0.00520036706788667,0.112413876206542,0.0421023653074713
2021-11-08 06:39:34,0.00522730883067163,0.112396721540712,0.0416331729440101
2021-11-08 06:39:25,0.00516835922017069,0.112436280170083,0.0419945251885428
2021-11-08 06:39:15,0.00519947640248293,0.112403583384245,0.0419445732024131
2021-11-08 06:39:05,0.00520151161351198,0.11245569925729,0.0418661995422348
2021-11-08 06:38:55,0.00522129982269468,0.112456331529193,0.0419504174299978
2021-11-08 06:38:45,0.00519539098968159,0.112435405111243,0.0417228879248328
2021-11-08 06:38:36,0.00519393208318105,0.11243476102196,0.0420620585126708
2021-11-08 06:38:26,0.00517987607125031,0.112477437325684,0.0422192382479755
2021-11-08 06:38:17,0.00518604602388212,0.11245208555566,0.0421846446802338
2021-11-08 06:38:07,0.00520034461952685,0.112405527930327,0.0419376706946384
2021-11-08 06:37:57,0.00517075726233603,0.11244727666782,0.042168693410075
2021-11-08 06:37:48,0.00518576218813358,0.112437796498946,0.0419770956457294
2021-11-08 06:37:38,0.00519047476431301,0.112442530783067,0.041920044955579
2021-11-08 06:37:28,0.00519378128237634,0.112426409836383,0.0422983657470487
2021-11-08 06:37:19,0.00516659893264566,0.112428992442674,0.0423008211398905
2021-11-08 06:37:09,0.00517213294347146,0.112425896836458,0.0423568059271604
2021-11-08 06:36:58,0.00520494708293417,0.112413942541763,0.0423031045374725
2021-11-08 06:36:48,0.00517518950928085,0.112437436510232,0.041798773915825
2021-11-08 06:36:38,0.00517704313692885,0.112435003874134,0.0423388435051383
2021-11-08 06:36:28,0.00516262336329784,0.112467552217136,0.0420371458798581
2021-11-08 06:36:19,0.00515889149975652,0.112420827906103,0.0420473863307
2021-11-08 06:36:09,0.00516229167674383,0.112417666361187,0.0418378382241189
2021-11-08 06:36:00,0.00516864838101564,0.112444697573334,0.0418063197644358
2021-11-08 06:35:50,0.00516737908776843,0.112432421482546,0.0415118980150429
2021-11-08 06:35:40,0.00517761611979344,0.112479197535615,0.0418883375691728
2021-11-08 06:35:30,0.0051726303066604,0.112440079252761,0.0419649620590272
2021-11-08 06:35:21,0.00520044004105112,0.112452519250262,0.0420868859749213
2021-11-08 06:35:11,0.0051601069426856,0.11248207791699,0.0421328233674624
2021-11-08 06:35:01,0.005168135080372,0.112486880704799,0.0421061783207643
2021-11-08 06:34:52,0.00516786485086609,0.112436663574893,0.0419682992827705
2021-11-08 06:34:42,0.00515820179240968,0.112494686453614,0.0418512456008163
2021-11-08 06:34:33,0.00519955776115498,0.112467941853747,0.0417965160518164
2021-11-08 06:34:23,0.00516956639932945,0.112436808375639,0.0416507853156913
2021-11-08 06:34:13,0.00516689331347116,0.112443769477724,0.0418432837158827
2021-11-08 06:34:03,0.00518876007138171,0.112433087441767,0.0417780491026065
2021-11-08 06:33:54,0.00510822034007086,0.112444323293157,0.0419422444544298
2021-11-08 06:33:44,0.00513783181499638,0.112514139961472,0.0422212867288656
2021-11-08 06:33:35,0.00512119851961888,0.112465147578276,0.0422894018536055
2021-11-08 06:33:25,0.00516081934832283,0.112474462040677,0.041747118776208
2021-11-08 06:33:15,0.00516339172543039,0.112453683984487,0.0423950540680466
2021-11-08 06:33:06,0.00518433348706964,0.11244177394744,0.0414697474722032
2021-11-08 06:32:55,0.00514165835511965,0.112401918830946,0.0422820547428694
2021-11-08 06:32:45,0.00515527533102426,0.112479786396891,0.0422557522695719
2021-11-08 06:32:35,0.00510815954746466,0.112495427064198,0.0421418413989478
2021-11-08 06:32:25,0.00513168607589103,0.112446649725398,0.0421131973154386
2021-11-08 06:32:16,0.00512295618696871,0.11247140238373,0.0419723924388627
2021-11-08 06:32:06,0.00512454398764674,0.11239560411829,0.0421831787510348
2021-11-08 06:31:56,0.00511675597210865,0.112416125960715,0.0421506689091629
2021-11-08 06:31:47,0.00515840368383391,0.112498164775297,0.0422528353733277
2021-11-08 06:31:37,0.00512131967631848,0.112466621972323,0.0418578664792471
2021-11-08 06:31:27,0.00517193647603053,0.112412710376999,0.0422822551266728
2021-11-08 06:31:16,0.00515114745867839,0.112446871512263,0.0417405886923848
2021-11-08 06:31:06,0.00514152583797118,0.11240854313284,0.0416587080745061
2021-11-08 06:30:56,0.00514458940320511,0.112448666716789,0.0421790902741171
2021-11-08 06:30:46,0.00516265516029709,0.112416817914266,0.0424173531426381
2021-11-08 06:30:36,0.00508805725137936,0.112486880263433,0.0420294444029829
2021-11-08 06:30:26,0.00511819330452019,0.112476532271327,0.0421348476339319
2021-11-08 06:30:16,0.00514629354770284,0.112426757715247,0.041828555049573
2021-11-08 06:30:07,0.0051650309909277,0.112424665724904,0.042227062182638
2021-11-08 06:29:57,0.00518591046668355,0.112421693307862,0.0423055019284267
2021-11-08 06:29:48,0.00517842561994906,0.112436649244728,0.0422812698715527
2021-11-08 06:29:38,0.00516048726092623,0.112487677888773,0.042124091581917
2021-11-08 06:29:28,0.00514572879709617,0.112437444616745,0.0420854786869984
2021-11-08 06:29:18,0.00515555537148644,0.11245546438493,0.0424123734413551
2021-11-08 06:29:08,0.00516458645268945,0.112456506851002,0.0421981421504149
2021-11-08 06:28:58,0.0052073670879684,0.112451936961533,0.04187043579572
2021-11-08 06:28:48,0.00517656106545838,0.112467622764604,0.0422314521367704
2021-11-08 06:28:38,0.00517632140452166,0.11248740835609,0.0424577278777352
2021-11-08 06:28:29,0.00515925888381018,0.112456667223176,0.041756809773122
2021-11-08 06:28:19,0.00517049688040921,0.112467047104953,0.041837277512247
2021-11-08 06:28:09,0.00518839202792464,0.112465283432787,0.0418824502361587
2021-11-08 06:27:59,0.00517602797126486,0.112450356395433,0.0417996772673269
2021-11-08 06:27:49,0.00517678525226791,0.112474503409058,0.0418377398509625
2021-11-08 06:27:39,0.00519316771724999,0.112452829879425,0.0421004655861234
2021-11-08 06:27:29,0.00516283163717278,0.112436072099445,0.0418460205946681
2021-11-08 06:27:19,0.0051586888899854,0.112487702661579,0.0417491563167137
2021-11-08 06:27:09,0.0051956889378385,0.11243615553871,0.0416386963954788
2021-11-08 06:26:58,0.00515942875996734,0.112519370589809,0.0418572440018051
2021-11-08 06:26:49,0.00515550632350021,0.11251176062876,0.0419679173239151
2021-11-08 06:26:39,0.0051357482879422,0.112535471710718,0.0421983617150498
2021-11-08 06:26:29,0.00517727813941442,0.11241482116936,0.0424492260311141
2021-11-08 06:26:20,0.00517248563331821,0.112475612163372,0.0418705164584225
2021-11-08 06:26:10,0.00517217415172008,0.112541514238244,0.0422595225923781
2021-11-08 06:26:00,0.00519391724703878,0.112415201279974,0.0422322306653819
2021-11-08 06:25:50,0.00518848348585545,0.112386551220478,0.0422640976375241
2021-11-08 06:25:41,0.00515903029297615,0.112431773162776,0.0418758724063254
2021-11-08 06:25:31,0.00518079030995165,0.112475680909598,0.0417647015849545
2021-11-08 06:25:21,0.00518159591116028,0.112492514321778,0.0423149021207481
2021-11-08 06:25:11,0.00520483406510647,0.11247677263685,0.0422160565840831
2021-11-08 06:25:02,0.00521046877083266,0.112391364189669,0.041946380174929
2021-11-08 06:24:52,0.00520998560519613,0.112381548413115,0.0421221556477435
2021-11-08 06:24:42,0.00517737639309791,0.112435242908177,0.041831136326602
2021-11-08 06:24:32,0.00518345489049618,0.112480060148306,0.041910089819555
2021-11-08 06:24:23,0.00519090419878078,0.112451448480861,0.0419544877147373
2021-11-08 06:24:13,0.0051717008128924,0.112492702620318,0.0417034451870024
2021-11-08 06:24:03,0.0052123324834042,0.112436808220012,0.042147881958927
2021-11-08 06:23:53,0.00519546600354586,0.112452231571149,0.0422620146910712
2021-11-08 06:23:44,0.00521622975276651,0.112364580330826,0.0420171599095596
2021-11-08 06:23:34,0.00522315087621865,0.112339317642672,0.0418651205027315
2021-11-08 06:23:24,0.00520750494673059,0.112366541737775,0.0420205401190537
2021-11-08 06:23:14,0.00521642255331862,0.112443570167442,0.0418161382108318
2021-11-08 06:23:05,0.00518247719596298,0.112466375653261,0.0420721073166283
2021-11-08 06:22:55,0.00519685367956202,0.112368198052672,0.0419427077989943
2021-11-08 06:22:45,0.00516969273535173,0.112599883460685,0.0421536978380328
2021-11-08 06:22:36,0.00519577676491059,0.112444779191975,0.041988507339743
2021-11-08 06:22:26,0.00519687275519292,0.112430403737211,0.0423486896171069
2021-11-08 06:22:16,0.00522756852650254,0.112548309508662,0.0422703914856546
2021-11-08 06:22:06,0.00518930911379809,0.112509516238419,0.042334307643665
2021-11-08 06:21:56,0.00520064357525449,0.112439756190048,0.0422508472178543
2021-11-08 06:21:46,0.00520118220262423,0.112491960332691,0.0423045755327622
2021-11-08 06:21:37,0.00519155466507356,0.112428733457856,0.0422591712561717
2021-11-08 06:21:27,0.00521142717264669,0.112422201841737,0.0420548709639745
2021-11-08 06:21:17,0.00519530077788467,0.11235410829677,0.0422174179367625
2021-11-08 06:21:08,0.00519965891906504,0.112557417472048,0.0421522244981669
2021-11-08 06:20:58,0.00519044110242129,0.112437212134528,0.0418373505283759
2021-11-08 06:20:49,0.00520449785293673,0.112527914863238,0.0416072344577382
2021-11-08 06:20:39,0.00522398046030677,0.112438508877391,0.042247497579412
2021-11-08 06:20:29,0.00521119175253106,0.112464954732996,0.0415991325244186
2021-11-08 06:20:19,0.00517878078153636,0.112451688026955,0.0421524870540953
2021-11-08 06:20:09,0.00514763176390141,0.112557682925846,0.0421590507688925
2021-11-08 06:19:59,0.00518693689142054,0.112508101598798,0.0415740113577437
2021-11-08 06:19:50,0.00519143561333642,0.112683259920897,0.0420997658271129
2021-11-08 06:19:40,0.00518776257461248,0.112450501891683,0.041899011396678
2021-11-08 06:19:30,0.0051635231600538,0.112458134679372,0.0419456774175232
2021-11-08 06:19:20,0.00519779434484305,0.11261319321401,0.0426886078587405
2021-11-08 06:19:10,0.00519617309195526,0.112648569564091,0.0422276003765471
2021-11-08 06:19:00,0.00520416891287051,0.112488320570641,0.0418510872655858
2021-11-08 06:18:51,0.00514648704779199,0.112490217005867,0.0422246992036407
2021-11-08 06:18:40,0.00512216411386505,0.112606280662437,0.0424054465748392
2021-11-08 06:18:31,0.00514192196597351,0.112527638888244,0.0421183233941115
2021-11-08 06:18:21,0.00514117933116112,0.112669609759893,0.0421405069995008
2021-11-08 06:18:11,0.00514934457036764,0.112540829444103,0.0420739228426353
2021-11-08 06:18:01,0.00519058954865454,0.112531211224278,0.04168769262499
2021-11-08 06:17:52,0.00517931219321387,0.11252981894912,0.0422905053395606
2021-11-08 06:17:42,0.00515167732490035,0.112606504039468,0.0421533039271091
2021-11-08 06:17:32,0.00513518657437968,0.112544818863171,0.0421366203638635
2021-11-08 06:17:22,0.00515059292163614,0.11251370939864,0.0424066778957998
2021-11-08 06:17:13,0.00513211964645382,0.11268945564838,0.0421046951439359
2021-11-08 06:17:03,0.00511738770585202,0.112543450776589,0.0421429277217276
2021-11-08 06:16:53,0.00514693833103128,0.112642673339607,0.0423122473562193
2021-11-08 06:16:44,0.00515093198810816,0.112548886526387,0.0421363554443194
2021-11-08 06:16:34,0.00516678379544337,0.11252725504292,0.0415765488325804
2021-11-08 06:16:25,0.00512108484925204,0.112671165842193,0.0422970781005243
2021-11-08 06:16:15,0.00516426189166125,0.112592402472199,0.0415508018569954
2021-11-08 06:16:05,0.00513331425207815,0.112703238617034,0.0422031548744598
2021-11-08 06:15:55,0.00516005351128179,0.112597112556788,0.0422906557019741
2021-11-08 06:15:45,0.00512668599706677,0.112409517871683,0.0418222898026801
2021-11-08 06:15:35,0.00512982541547449,0.112591344923211,0.0415917191180308
2021-11-08 06:15:25,0.00511400233956186,0.11254621147283,0.0423690024375184
2021-11-08 06:15:15,0.00514631112845942,0.112612803443524,0.0417037914980355
2021-11-08 06:15:05,0.00516943012265849,0.112618105780151,0.0423321825762855
2021-11-08 06:14:55,0.00512135079746235,0.112563376591717,0.0419417059616585
2021-11-08 06:14:46,0.00513985329717929,0.112650085311147,0.0420442095014801
2021-11-08 06:14:35,0.00514227795347233,0.1125420993774,0.0419470585456392
2021-11-08 06:14:25,0.00511833988175395,0.11257921125506,0.0418459492590233
2021-11-08 06:14:15,0.00514286040894532,0.112667547842922,0.0414341009950649
2021-11-08 06:14:05,0.00511516916417224,0.112784836622194,0.04197953423546
2021-11-08 06:13:56,0.00511863110896634,0.11251475153363,0.0422809973883108
2021-11-08 06:13:46,0.0051414703655327,0.112515143030324,0.0421198972737301
2021-11-08 06:13:36,0.00510980573786931,0.11271623253364,0.0419145308252482
2021-11-08 06:13:27,0.00512819734970073,0.112427449675661,0.0420529056676989
2021-11-08 06:13:17,0.00509630194780579,0.112729765083625,0.041808751291061
2021-11-08 06:13:07,0.00514045273272472,0.112509926222988,0.0423170761588695
2021-11-08 06:12:57,0.00514451012734273,0.112531302747035,0.0416088141558055
2021-11-08 06:12:47,0.00513426024411796,0.112544732677223,0.0417591564754857
2021-11-08 06:12:37,0.00509655321666475,0.112516758520645,0.0419860813784133
2021-11-08 06:12:27,0.00509593317991984,0.11256486355037,0.0415941541511237
2021-11-08 06:12:17,0.00513295199414866,0.112672292404875,0.0421436231103781
2021-11-08 06:12:07,0.00507139180711138,0.11267066812956,0.0421264512751019
2021-11-08 06:11:58,0.00505781868616144,0.112423830281889,0.0422321835381945
2021-11-08 06:11:48,0.00504844032946659,0.112735783777909,0.0421038413363139
2021-11-08 06:11:38,0.00518037883942434,0.112579978616245,0.0420110691062416
2021-11-08 06:11:29,0.00510067814691359,0.112462168313914,0.0419948402621977
2021-11-08 06:11:19,0.00519421495588179,0.112329137757557,0.0424780106138568
2021-11-08 06:11:09,0.00513131713165154,0.112178072916054,0.0422675584401604
2021-11-08 06:11:00,0.00507265463294133,0.112659571666022,0.042088470184502
2021-11-08 06:10:50,0.00513299304185583,0.112490228922259,0.04212362765846
2021-11-08 06:10:41,0.0051488780884828,0.112472245995027,0.0423634961965002
2021-11-08 06:10:30,0.00509839063482605,0.112663295340138,0.0422274301887616
2021-11-08 06:10:20,0.00513482955910158,0.11232304365958,0.0417946584448819
2021-11-08 06:10:11,0.00513265244091526,0.112755356119595,0.0422454373236755
2021-11-08 06:10:01,0.00513764109108822,0.112538773193908,0.0419618706095236
2021-11-08 06:09:51,0.00513618354275164,0.112578168751732,0.0421173857800325
2021-11-08 06:09:41,0.00513944412917683,0.112451424456816,0.0422839430539953
2021-11-08 06:09:31,0.00512890203429378,0.11258207472324,0.0422563831391144
2021-11-08 06:09:22,0.00512426392624247,0.1125154289852,0.0417495015608853
2021-11-08 06:09:12,0.00509335542930361,0.112768480291818,0.0422010884531724
2021-11-08 06:09:02,0.00512197735876486,0.112537837799118,0.0420115913532305
2021-11-08 06:08:52,0.00515571569639114,0.112552945041623,0.0415394611763377
2021-11-08 06:08:42,0.00513093683000969,0.112609512094244,0.0418066725358637
2021-11-08 06:08:33,0.00511197507154904,0.112700642030404,0.0422813360881142
2021-11-08 06:08:23,0.00511157307985755,0.112720324262797,0.0420076185585263
2021-11-08 06:08:13,0.00515073894738954,0.112708957296835,0.0420238382977151
2021-11-08 06:08:04,0.00511645697000049,0.112629906009363,0.0419858013573342
2021-11-08 06:07:54,0.00515416771866607,0.112655377572225,0.0422308969666649
2021-11-08 06:07:44,0.00516075721282994,0.112507562252127,0.0419935861386159
2021-11-08 06:07:34,0.00518717108697545,0.112495182872823,0.042283913125394
2021-11-08 06:07:25,0.00514056503681835,0.112530076495294,0.0420278462260866
2021-11-08 06:07:15,0.00514115887279036,0.112731152861929,0.0418573764321075
2021-11-08 06:07:05,0.00517343766722898,0.112585199352035,0.0420994684121931
2021-11-08 06:06:56,0.00521465092831539,0.112434468535696,0.0422624740933947
2021-11-08 06:06:46,0.00515759561403476,0.112406421113005,0.042420885818684
2021-11-08 06:06:36,0.00515444804021403,0.112557292079382,0.0419679745732756
2021-11-08 06:06:26,0.00515183400141087,0.112640078276649,0.0422016401383068
2021-11-08 06:06:16,0.00512305061432598,0.112693641305578,0.0421055573204294
2021-11-08 06:06:06,0.00516029144644274,0.112567853914876,0.041652172208973
2021-11-08 06:05:57,0.00515489298532534,0.112675386394755,0.0419564962682283
2021-11-08 06:05:47,0.00517137882157056,0.112506720449703,0.0421440919453743
2021-11-08 06:05:37,0.00513726783490748,0.112564605015276,0.0422438537449984
2021-11-08 06:05:27,0.00515182075978003,0.112678369355478,0.0421106764411123
2021-11-08 06:05:18,0.00514275913615921,0.112622134701378,0.0424809682867195
2021-11-08 06:05:08,0.00512755157502238,0.112633223655634,0.0422246741576243
2021-11-08 06:04:58,0.00515870338786574,0.112616245033721,0.0419188422206312
2021-11-08 06:04:48,0.00515382244963794,0.112655065927601,0.042304427104136
2021-11-08 06:04:38,0.00510147785254733,0.112648068642235,0.0421363812385179
2021-11-08 06:04:28,0.00515043204656015,0.112757505341337,0.0421456486555653
2021-11-08 06:04:18,0.00513732201189858,0.112672955558852,0.0416349786809473
2021-11-08 06:04:08,0.00514809728115159,0.112771380385932,0.0417819096960418
2021-11-08 06:03:58,0.00512192928199362,0.112653251231122,0.0418627127765698
2021-11-08 06:03:48,0.00511919928844511,0.112840813037681,0.0418956349339312
2021-11-08 06:03:39,0.0051425473289407,0.112584026232843,0.0423184615711382
2021-11-08 06:03:29,0.00510632287326707,0.112591895295072,0.0420838540123255
2021-11-08 06:03:19,0.00512534073205441,0.112791690224914,0.042132899936477
2021-11-08 06:03:09,0.00512634805716689,0.112725192109364,0.0417524521768055
2021-11-08 06:02:59,0.00515431579498306,0.112722691546325,0.0418383948197368
2021-11-08 06:02:49,0.00513596571686167,0.112675104449581,0.0423196840566951
2021-11-08 06:02:40,0.00512046248206749,0.112777229251237,0.0422556040321534
2021-11-08 06:02:30,0.00514023341798796,0.112544269544157,0.0419442781754633
2021-11-08 06:02:20,0.0050649245434485,0.112835324173207,0.04206314294947
2021-11-08 06:02:10,0.00512323881167174,0.112900594142418,0.042040123532066
2021-11-08 06:02:00,0.00512268752713352,0.112802799808493,0.0423311880596855
2021-11-08 06:01:50,0.00509756219686331,0.112649761907678,0.0421120143550339
2021-11-08 06:01:40,0.00515314936255961,0.112675332407846,0.0420332901235866
2021-11-08 06:01:31,0.00516323845363096,0.112730778912037,0.0420364152999665
2021-11-08 06:01:21,0.0051637167297454,0.112728761848729,0.041828053416462
2021-11-08 06:01:11,0.00514057120859231,0.11255968159284,0.0420922245671116
2021-11-08 06:01:01,0.00514107604870798,0.112622560998616,0.0421455711241773
2021-11-08 06:00:52,0.00511377000659647,0.112820940989479,0.0418179952969738
2021-11-08 06:00:42,0.00513366609356599,0.112624456693864,0.0421806601336491
2021-11-08 06:00:32,0.00513109537835954,0.112624117900732,0.0419753142945728
2021-11-08 06:00:22,0.00513976219599259,0.112644083409939,0.0423202411290723
2021-11-08 06:00:12,0.00510379526975155,0.112698164374448,0.0419918845370734
2021-11-08 06:00:02,0.00514427997224144,0.11276870792532,0.0417269545891615
2021-11-08 05:59:52,0.0051081177870402,0.112459025620987,0.0422946587244677
2021-11-08 05:59:42,0.00511705424668671,0.112557039077208,0.0423515523047767
2021-11-08 05:59:32,0.00511208717471276,0.112603987858954,0.0417774933402122
2021-11-08 05:59:22,0.00512294100337613,0.112578382669438,0.0419910231287494
2021-11-08 05:59:13,0.00512525511171326,0.112692841550787,0.0415712538403007
2021-11-08 05:59:03,0.00514877440969894,0.112661827408402,0.0422021786632655
2021-11-08 05:58:53,0.00513527808044678,0.112584106922777,0.0422947130297351
2021-11-08 05:58:43,0.005117312541867,0.11258188919975,0.0415714406277789
2021-11-08 05:58:33,0.00512523412027751,0.112663696316094,0.0422763208048271
2021-11-08 05:58:23,0.00511704576883343,0.112530426618842,0.0423112931251002
2021-11-08 05:58:14,0.00509181467690597,0.112606309109655,0.0419294983207674
2021-11-08 05:58:03,0.00513166345317068,0.112621143958968,0.0419109128871946
2021-11-08 05:57:53,0.00510442185877439,0.112593855699933,0.0419780663817433
2021-11-08 05:57:44,0.00511610005645297,0.112472906675181,0.0424312802794498
2021-11-08 05:57:34,0.00510325928159117,0.112656747302565,0.0419922229993438
2021-11-08 05:57:24,0.00511456380081829,0.112605735198073,0.0415994123514483
2021-11-08 05:57:15,0.00512487543442465,0.112551697591977,0.0418829916541154
2021-11-08 05:57:05,0.00509646047363748,0.112597702973764,0.0418671303942797
2021-11-08 05:56:55,0.00508339256406117,0.112610567701757,0.0418910258925805
2021-11-08 05:56:45,0.00512623586087245,0.11250605180788,0.0418718230552163
2021-11-08 05:56:35,0.00511636775683857,0.112561845024557,0.0421408920124461
2021-11-08 05:56:25,0.00508898886737686,0.112508950252235,0.0422497663258824
2021-11-08 05:56:15,0.00511387069522383,0.112570283788297,0.0418490689316031
2021-11-08 05:56:05,0.00512277227578924,0.11257469045819,0.0418081059904324
2021-11-08 05:55:55,0.00509140532138476,0.112566420562576,0.0417710265498758
2021-11-08 05:55:45,0.00511396340195063,0.112480121371534,0.0424872396142217
2021-11-08 05:55:35,0.00510890138305346,0.112491012910783,0.0418841863766521
2021-11-08 05:55:25,0.00510291388133397,0.112597460040647,0.041966942010759
2021-11-08 05:55:14,0.00515217507705227,0.112550767265204,0.0421188349698742
2021-11-08 05:55:05,0.00512484605490977,0.11260942909878,0.0421504045939574
2021-11-08 05:54:55,0.00512456241050929,0.112492513991413,0.042174397016859
2021-11-08 05:54:45,0.00512600606467335,0.112520762828812,0.0416474915613719
2021-11-08 05:54:35,0.00514043026582931,0.112607103364054,0.0424901585917652
2021-11-08 05:54:25,0.00513435389589457,0.112506737877192,0.0421496308011219
2021-11-08 05:54:15,0.00511134439018952,0.11248966989692,0.0420710816844784
2021-11-08 05:54:06,0.00515546748173929,0.112523903644209,0.0421870944905756
2021-11-08 05:53:56,0.00512009761778184,0.112571824025006,0.0423084868657458
2021-11-08 05:53:46,0.00508203253363946,0.112652752644956,0.0420752537379777
2021-11-08 05:53:37,0.0051479874083956,0.112503276842499,0.042407880522969
2021-11-08 05:53:27,0.00514873090268525,0.112480170664111,0.0422009106718406
2021-11-08 05:53:17,0.00513301934076655,0.112576876087395,0.0419122902885446
2021-11-08 05:53:07,0.00514211435373772,0.112526946246933,0.0419319207674539
2021-11-08 05:52:57,0.00514146073340654,0.112551093214393,0.0421266446658574
2021-11-08 05:52:48,0.00512041557840932,0.1125294939545,0.042307147756402
2021-11-08 05:52:38,0.00511493375208887,0.112618618017476,0.0423224092416886
2021-11-08 05:52:28,0.00510002501097306,0.11264125863832,0.0419934920013707
2021-11-08 05:52:18,0.00515490808416558,0.112522827902791,0.0418444544799158
2021-11-08 05:52:08,0.00511781582521292,0.112582758707075,0.0422083714068011
2021-11-08 05:51:59,0.00509519754326195,0.112692455883237,0.0421401526055764
2021-11-08 05:51:49,0.00513930293310657,0.11250503442025,0.0417847293414514
2021-11-08 05:51:39,0.00511170608738304,0.112588510315756,0.0422532427832334
2021-11-08 05:51:28,0.00512301900852276,0.112559401554029,0.0420476732362443
2021-11-08 05:51:19,0.00510277964971572,0.112647571362175,0.0420902827482339
2021-11-08 05:51:09,0.00508875623717009,0.112559400132624,0.0422377037206525
2021-11-08 05:50:59,0.00508228290633466,0.112584287585717,0.0418029486180855
2021-11-08 05:50:50,0.00511258742924516,0.112601968048376,0.0422345687101247
2021-11-08 05:50:41,0.00508427182244323,0.11274336997905,0.0421731021012883
2021-11-08 05:50:31,0.00511198532331773,0.112593333782734,0.0419525369900109
2021-11-08 05:50:21,0.00511698215335995,0.112629249747592,0.0419249439223992
2021-11-08 05:50:12,0.00511447302774154,0.112583055073817,0.0418248994461481
2021-11-08 05:50:02,0.0051167430669313,0.112658569020591,0.0422466686168541
2021-11-08 05:49:52,0.00510304949378505,0.112557790560643,0.0418221017714559
2021-11-08 05:49:42,0.00510311567530178,0.11254394501745,0.0419740640471763
2021-11-08 05:49:32,0.00511401414261306,0.112506138509923,0.042291807525482
2021-11-08 05:49:22,0.00508932861539841,0.112596421758174,0.0420429410611651
2021-11-08 05:49:13,0.0051127598202033,0.112515556184714,0.0420075308769598
2021-11-08 05:49:03,0.005105660726333,0.112602399324576,0.0418131285935806
2021-11-08 05:48:53,0.00510361039705601,0.112501841577821,0.0420171923987516
2021-11-08 05:48:43,0.00510826826963898,0.112516124176316,0.0421854109581123
2021-11-08 05:48:33,0.00508689883620322,0.112560870628116,0.0419304109914224
2021-11-08 05:48:23,0.00510700797676617,0.112565441053374,0.0416894105656554
2021-11-08 05:48:14,0.00509868189440648,0.112533484224767,0.0422976445723266
2021-11-08 05:48:04,0.00511122139394723,0.112515779657675,0.0421210234436723
2021-11-08 05:47:55,0.00512456271509763,0.112482725169943,0.0425392301444628
2021-11-08 05:47:45,0.00510986323223106,0.112514847573959,0.0419107932277927
2021-11-08 05:47:36,0.00510408436231377,0.112538663299643,0.0417836285492607
2021-11-08 05:47:26,0.00512266666223536,0.11250193227879,0.042049965735199
2021-11-08 05:47:16,0.0051186747173754,0.112486498908035,0.0422281071035028
2021-11-08 05:47:06,0.0051064433749611,0.112543634647389,0.0418702066851381
2021-11-08 05:46:56,0.00511542742067101,0.112516390198322,0.0420441927092971
2021-11-08 05:46:46,0.00510270007605635,0.112510519351958,0.0422978964461272
2021-11-08 05:46:37,0.00511409196418674,0.112481843507636,0.042073732625145
2021-11-08 05:46:27,0.00511325414034527,0.112498041720835,0.041696837093997
2021-11-08 05:46:18,0.00511575336799414,0.112504999738362,0.0419812877010608
2021-11-08 05:46:08,0.00510983335759469,0.112497360471975,0.0423313682117178
2021-11-08 05:45:58,0.00510633408606592,0.112482951251442,0.0419825751439421
2021-11-08 05:45:48,0.00511052988562873,0.112493462498948,0.0418437425887262
2021-11-08 05:45:38,0.00511485783904247,0.112458061474039,0.0422026828629748
2021-11-08 05:45:29,0.00511325635566359,0.112465035854072,0.041861692548002
2021-11-08 05:45:19,0.0051175413275565,0.112472621867613,0.0416573567588582
2021-11-08 05:45:10,0.00511266054476958,0.112461174020857,0.0419657676409554
2021-11-08 05:45:00,0.00510334035107579,0.112500856568705,0.0422818018535956
2021-11-08 05:44:50,0.00510598833117966,0.112476340342506,0.0422378651367513
2021-11-08 05:44:40,0.0051124356332994,0.112458160557952,0.042132981584204
2021-11-08 05:44:30,0.00511272293025212,0.112471798323078,0.0415558757790779
2021-11-08 05:44:21,0.00511337032174099,0.112472909000166,0.0419199971482556
2021-11-08 05:44:11,0.00510836310993315,0.112476602601201,0.0424799667751863
2021-11-08 05:44:01,0.00511652116359147,0.112455652219988,0.0424115956997634
2021-11-08 05:43:52,0.0051165204950046,0.11245023106146,0.0420503954660865
2021-11-08 05:43:42,0.00511655928734735,0.112446794444585,0.0424739237061322
2021-11-08 05:43:32,0.0051126860849871,0.112465746395523,0.0422986480780918
2021-11-08 05:43:22,0.00510839074849806,0.112484512679064,0.0418958548314859
2021-11-08 05:43:13,0.00510998655914837,0.112467176222294,0.0424716933760095
2021-11-08 05:43:02,0.00511491603856763,0.112447630460705,0.0421104140056462
2021-11-08 05:42:52,0.00512052964414113,0.112418994445873,0.0419997970707852
2021-11-08 05:42:43,0.00510977932960202,0.112446601439567,0.0419062881037795
2021-11-08 05:42:33,0.0051151193418564,0.112452024118665,0.0421755411606098
2021-11-08 05:42:23,0.00511238993086466,0.112458240109352,0.0420288589654679
2021-11-08 05:42:14,0.00511420504652354,0.112459412734909,0.0415572234480657
2021-11-08 05:42:04,0.00511119838437259,0.112477333722612,0.042049593839738
2021-11-08 05:41:54,0.00510034983684644,0.112498861162595,0.0422843614144711
2021-11-08 05:41:44,0.00511416621129008,0.112456204927303,0.0419030896789774
2021-11-08 05:41:35,0.00511563567196954,0.112429609031475,0.0424151725157109
2021-11-08 05:41:25,0.00511558920856715,0.112451303232294,0.0419952188349985
2021-11-08 05:41:15,0.00511473709708249,0.11244015688885,0.0422855151343092
2021-11-08 05:41:06,0.00511221004549794,0.112478342521646,0.0422443987541445
2021-11-08 05:40:56,0.0051062375533506,0.112489267247658,0.0424443987223169
2021-11-08 05:40:46,0.00510344238276264,0.112487524531685,0.0418734070672829
2021-11-08 05:40:37,0.0050973086964905,0.112521518956263,0.0425006235595238
2021-11-08 05:40:27,0.00510572165474744,0.112481132391448,0.0423421123342211
2021-11-08 05:40:18,0.00511864523901501,0.112435354476992,0.0420741195272034
2021-11-08 05:40:08,0.00510998963124081,0.112479927486188,0.0421101506006994
2021-11-08 05:39:59,0.00512705861965487,0.112433864629121,0.0419656497974816
2021-11-08 05:39:49,0.0051166155133482,0.112465496291635,0.0421164866190901
2021-11-08 05:39:40,0.00510936952532683,0.112471228506979,0.0420121197927799
2021-11-08 05:39:31,0.00510127191946645,0.112496727043176,0.0419202449389029
2021-11-08 05:39:21,0.00510835809229874,0.112484247876397,0.0418431361607485
2021-11-08 05:39:11,0.00512555744012745,0.112434956089196,0.0424873582502717
2021-11-08 05:39:01,0.00509169405264517,0.112528101379234,0.0422645280811092
2021-11-08 05:38:51,0.00511062305469441,0.112440295837139,0.0415532361103596
2021-11-08 05:38:42,0.00513212009947471,0.112373986453496,0.0424299905422907
2021-11-08 05:38:32,0.00511266308906664,0.11251753919846,0.0418834333923904
2021-11-08 05:38:22,0.00512028838676828,0.112411625869339,0.0423694133172389
2021-11-08 05:38:12,0.00510670970657781,0.112494868237697,0.0419571264622526
2021-11-08 05:38:03,0.00511964601658192,0.112499318788826,0.0422941972944968
2021-11-08 05:37:53,0.00509792594598733,0.112526050995058,0.0421313019121569
2021-11-08 05:37:44,0.00511340884297829,0.112435149723273,0.0418583437017224
2021-11-08 05:37:34,0.00510857999477851,0.112513763677839,0.0419684854955217
2021-11-08 05:37:24,0.00507642996736419,0.112612158048803,0.0423807542056364
2021-11-08 05:37:14,0.00509860280710866,0.112499608722542,0.0419792930823932
2021-11-08 05:37:05,0.00508671603637901,0.112546951479673,0.0419204106059048
2021-11-08 05:36:55,0.00511067361305734,0.112478834915383,0.0415131226886484
2021-11-08 05:36:46,0.00507938188015071,0.11253686430459,0.0422528986742497
2021-11-08 05:36:36,0.00509376269165201,0.112507760430063,0.0419096999763893
2021-11-08 05:36:27,0.00507208165133163,0.112597205409248,0.0421498546487292
2021-11-08 05:36:17,0.00509121252062278,0.112502370062075,0.0420411320231458
2021-11-08 05:36:07,0.00511881555090812,0.112338809880478,0.042161754044313
2021-11-08 05:35:57,0.00510321266159395,0.11247504231026,0.0419385028479747
2021-11-08 05:35:48,0.00511553487066267,0.112470383851544,0.0422287756024231
2021-11-08 05:35:38,0.00509431378686658,0.112484789067067,0.0420524322753384
2021-11-08 05:35:28,0.00509825133569729,0.112457446333278,0.0421054673559145
2021-11-08 05:35:19,0.00510153488315724,0.112497331780177,0.0422333198922674
2021-11-08 05:35:09,0.00511168198717472,0.112415678362305,0.0424848832715983
2021-11-08 05:34:59,0.00510795532455314,0.112433046517035,0.0417598760023656
2021-11-08 05:34:49,0.00510914947643438,0.112485470188649,0.0417907192259305
2021-11-08 05:34:40,0.00510410064056429,0.112485327564258,0.0419805392636188
2021-11-08 05:34:30,0.00510233414240517,0.112472478069446,0.0424599490891561
2021-11-08 05:34:20,0.00509106957901536,0.112574228156627,0.0420269074336354
2021-11-08 05:34:10,0.00509985827583372,0.11249982680659,0.0419537352538221
2021-11-08 05:34:00,0.00512399332246029,0.112457630157604,0.0421840847240513
2021-11-08 05:33:51,0.00514731281826325,0.112392914486323,0.0421079265023981
2021-11-08 05:33:41,0.00511460376346479,0.112456254478668,0.0419606178984642
2021-11-08 05:33:31,0.00509390334573293,0.112515877182341,0.0422104163337918
2021-11-08 05:33:21,0.00512672311032486,0.112422514793808,0.0420892224798493
2021-11-08 05:33:11,0.00510263672758226,0.112522811497871,0.0420117349443863
2021-11-08 05:33:01,0.00501756433797119,0.112745856376614,0.042404322701588
2021-11-08 05:32:51,0.00513291123838882,0.112445963194617,0.04210195971446
2021-11-08 05:32:41,0.00512565588139994,0.112427289978269,0.0424328859872097
2021-11-08 05:32:31,0.00508986978799977,0.112591263316337,0.0422750970971649
2021-11-08 05:32:21,0.00508478657612333,0.112562938708893,0.0418321098926338
2021-11-08 05:32:12,0.0050971511071809,0.112558590635536,0.041975595678755
2021-11-08 05:32:02,0.0051473816474384,0.112359284814839,0.0422987988252234
2021-11-08 05:31:52,0.00515475076174876,0.112386642050147,0.0421548959068332
2021-11-08 05:31:42,0.00512148196050381,0.112388100905122,0.0418639240557896
2021-11-08 05:31:32,0.00514668699785973,0.112358419959844,0.0421578978957717
2021-11-08 05:31:23,0.00511927967767491,0.112467572896118,0.042503904695606
2021-11-08 05:31:13,0.00510840812326778,0.112503502902438,0.0421292709243877
2021-11-08 05:31:03,0.00512343715172351,0.112492052481595,0.04241136914983
2021-11-08 05:30:53,0.00515216686506122,0.112350712008211,0.041852802777596
2021-11-08 05:30:43,0.00514220432866016,0.112377605813996,0.0423451046148783
2021-11-08 05:30:33,0.00510401617216011,0.112568288714429,0.0421625234346185
2021-11-08 05:30:24,0.0050640743644956,0.112643843330966,0.0419526593838395
2021-11-08 05:30:14,0.00506476402302901,0.112642442032342,0.0418627650590761
2021-11-08 05:30:04,0.00511391100057891,0.112499074770843,0.0417988467710567
2021-11-08 05:29:54,0.00507097700356639,0.112632836323958,0.0422769853360037
2021-11-08 05:29:44,0.00510687980102395,0.112513550792855,0.0421202967773795
2021-11-08 05:29:34,0.00512770349225353,0.112471411921379,0.0417678021358724
2021-11-08 05:29:24,0.00509728342764959,0.112610296351525,0.0420130033804169
2021-11-08 05:29:14,0.00512465892678205,0.112477205605329,0.0423411373636513
2021-11-08 05:29:04,0.00507153014566728,0.112632737239409,0.0422375699862643
2021-11-08 05:28:54,0.00507872770766539,0.112658143364707,0.0422427520417987
2021-11-08 05:28:45,0.00509291096149157,0.112570320298424,0.0420789420693685
2021-11-08 05:28:35,0.00508252653645641,0.112560596757785,0.0418524402394726
2021-11-08 05:28:25,0.00509765039261746,0.112540236279569,0.0415517964110086
2021-11-08 05:28:15,0.00511549476259199,0.112483191212575,0.0421735209217929
2021-11-08 05:28:06,0.00512388421821661,0.112430485757508,0.042083783236522
2021-11-08 05:27:55,0.00510432164318301,0.112507990846516,0.0418508670365133
2021-11-08 05:27:46,0.00512048797262505,0.112458167027469,0.042446246557267
2021-11-08 05:27:36,0.0051013398305291,0.11253060235119,0.0418519675367244
2021-11-08 05:27:26,0.00511822710212008,0.112406088589,0.0419539115864573
2021-11-08 05:27:16,0.00514001835325832,0.112374482854219,0.042058136438001
2021-11-08 05:27:06,0.00510700502487696,0.112533858889112,0.0422651716511287
2021-11-08 05:26:57,0.00511120211552768,0.112512163562724,0.0416411312654917
2021-11-08 05:26:47,0.00510347406155607,0.112492018947233,0.0420877522009187
2021-11-08 05:26:37,0.00512243215551037,0.112408340483108,0.0417933851013506
2021-11-08 05:26:27,0.00509642662479927,0.112520419669073,0.0419261159018071
2021-11-08 05:26:18,0.00511530275670714,0.112432079537915,0.0423109453107778
2021-11-08 05:26:08,0.00511814057934765,0.112313566295292,0.0421671948237645
2021-11-08 05:25:58,0.00512386890388827,0.112445782330138,0.0417931742560075
2021-11-08 05:25:48,0.00509737797498306,0.112561164233269,0.042407518146106
2021-11-08 05:25:39,0.00512967043146648,0.112326265513496,0.04192895006762
2021-11-08 05:25:29,0.00509215966402735,0.112492980968454,0.0419333950165358
2021-11-08 05:25:19,0.00514828061869612,0.112344278923152,0.0421757614884309
2021-11-08 05:25:09,0.00512252685509224,0.112336353329788,0.0425959829922971
2021-11-08 05:24:59,0.00511604043805184,0.112420278948432,0.0420134224009545
2021-11-08 05:24:50,0.00511871792407648,0.11243908290614,0.0417853166557065
2021-11-08 05:24:40,0.00511495205190191,0.112367348015084,0.0420255535799892
2021-11-08 05:24:31,0.00512054187019991,0.112372108271005,0.0420422816947441
2021-11-08 05:24:21,0.00513048410624112,0.112382747311447,0.0420014972897348
2021-11-08 05:24:11,0.00512685877941002,0.112318122485773,0.0423681646100577
2021-11-08 05:24:02,0.00511118033287083,0.112397880879595,0.0420998431750996
2021-11-08 05:23:52,0.00513839161643199,0.112200141311236,0.0422350252917232
2021-11-08 05:23:42,0.00511754666632486,0.112454775671522,0.0423289737742324
2021-11-08 05:23:33,0.00511411632999197,0.112371198839633,0.04193249899982
2021-11-08 05:23:23,0.00514486506526129,0.112391391657098,0.0420635600212213
2021-11-08 05:23:13,0.00511121696318392,0.112405330093354,0.0423351864436676
2021-11-08 05:23:03,0.00513027726879468,0.112378365150766,0.0423464183599191
2021-11-08 05:22:54,0.00513383414735957,0.112361191144887,0.0417008820856913
2021-11-08 05:22:44,0.00510781808679637,0.112493955336526,0.0419445148219278
2021-11-08 05:22:34,0.00511708146265538,0.112422853081806,0.0419853366895308
2021-11-08 05:22:25,0.00508401163436845,0.11256126772178,0.0421507805047561
2021-11-08 05:22:15,0.00513101023949073,0.112368390850856,0.0417296710678326
2021-11-08 05:22:06,0.00513324755301607,0.112410988655056,0.0421377154455467
2021-11-08 05:21:56,0.00509766318442079,0.112505301244384,0.0419811239449156
2021-11-08 05:21:46,0.00512305691930353,0.112469929290398,0.0420215517572664
2021-11-08 05:21:36,0.00513124555156829,0.112432456162519,0.0420313017024767
2021-11-08 05:21:26,0.0050933167707692,0.112527729247064,0.042289904388848
2021-11-08 05:21:16,0.00511901084942001,0.11241786066104,0.041982571073627
2021-11-08 05:21:07,0.0050976882779698,0.112495386310528,0.0419700207612366
2021-11-08 05:20:57,0.00511382518367402,0.112542596183576,0.0422947201234844
2021-11-08 05:20:47,0.0051057873704694,0.112434497465421,0.0421437057862557
2021-11-08 05:20:38,0.00512378117525886,0.11251881795352,0.0420106772341146
2021-11-08 05:20:27,0.00514798027422221,0.11222430505629,0.0421697535963857
2021-11-08 05:20:17,0.00515873431075437,0.112244359497887,0.0419804682839934
2021-11-08 05:20:07,0.00509902883193079,0.112561676339278,0.0420021281361086
2021-11-08 05:19:58,0.00510919880454844,0.112394419915594,0.042188814145214
2021-11-08 05:19:48,0.00509658283001506,0.112589166482612,0.0415717119637096
2021-11-08 05:19:38,0.00509361877179667,0.112507379773692,0.0421443256192835
2021-11-08 05:19:28,0.00508922715140933,0.112391164231853,0.0419807940363807
2021-11-08 05:19:19,0.00507319282714,0.112594870271842,0.0423594002457745
2021-11-08 05:19:09,0.00511923991323821,0.112422489848196,0.0417926560485818
2021-11-08 05:18:59,0.00508181586503532,0.112611006246709,0.0420176286209432
2021-11-08 05:18:49,0.0050937731202029,0.112549470894825,0.0417734473013437
2021-11-08 05:18:40,0.00516019712189954,0.112165068452552,0.0423243580941391
2021-11-08 05:18:30,0.00506307924829076,0.112535558918371,0.0422115269367001
2021-11-08 05:18:20,0.00503530408461456,0.11267480214646,0.0422653929718051
2021-11-08 05:18:10,0.00507254965199476,0.112609817780066,0.0422098704839353
2021-11-08 05:18:00,0.00511455866666125,0.112327563127158,0.0421773184548092
2021-11-08 05:17:50,0.00508497823152902,0.112442781999306,0.0423066116807387
2021-11-08 05:17:40,0.00510690816429829,0.11231689663196,0.0424734959438349
2021-11-08 05:17:30,0.00507197390350929,0.112514863692268,0.0415814612246076
2021-11-08 05:17:20,0.00511417546424809,0.11269173626803,0.0424938128510297
2021-11-08 05:17:10,0.0050805060335565,0.112730326764433,0.0421692108053741
2021-11-08 05:17:01,0.00508202189146065,0.112594066415772,0.0419612289243911
2021-11-08 05:16:51,0.00506199491770369,0.112653228742237,0.0419188707165578
2021-11-08 05:16:41,0.00508379293379858,0.112611967539961,0.0419462723103153
2021-11-08 05:16:31,0.00509532011118826,0.112651414264453,0.0423004824808487
2021-11-08 05:16:21,0.00512553214309119,0.112361859222061,0.042393519667928
2021-11-08 05:16:12,0.0051096706377313,0.112430506302476,0.0421231951380075
2021-11-08 05:16:02,0.00513674527677314,0.112285276569699,0.0422619987097286
2021-11-08 05:15:52,0.00515228992137028,0.112364003358769,0.0423311319641319
2021-11-08 05:15:42,0.00515232175016448,0.112285959929914,0.0421051056138619
2021-11-08 05:15:32,0.00511865941716565,0.112213744392499,0.0421450686176011
2021-11-08 05:15:22,0.00512787326285656,0.112333551623732,0.0422328744505743
2021-11-08 05:15:13,0.00511209848630092,0.112638226710259,0.041822136391044
2021-11-08 05:15:03,0.00516147775579542,0.112257684360892,0.0420304635135647
2021-11-08 05:14:53,0.00510340054156047,0.112430948492384,0.0417292908892065
2021-11-08 05:14:43,0.00515798838267281,0.11255957033984,0.0419517223558488
2021-11-08 05:14:33,0.00515632589905152,0.112600060881998,0.0420088376721176
2021-11-08 05:14:23,0.00513326663941755,0.112276253674075,0.0419583839565555
2021-11-08 05:14:13,0.00511900805579702,0.112433708717143,0.0419352189210491
2021-11-08 05:14:03,0.0050997607767828,0.112538794393667,0.0421549987452866
2021-11-08 05:13:53,0.00511972387526162,0.112836643639476,0.0422845225850135
2021-11-08 05:13:43,0.00504848035053508,0.11261641051414,0.0424276798631842
2021-11-08 05:13:33,0.00514467635906818,0.112585585886441,0.0418279204809327
2021-11-08 05:13:23,0.00510894694910489,0.112414567531097,0.0420794955042869
2021-11-08 05:13:14,0.00505804371889098,0.112647973449494,0.0419220921140076
2021-11-08 05:13:04,0.00505401737065949,0.112874847338241,0.0420967808845682
2021-11-08 05:12:54,0.00504921356565469,0.112927130231715,0.0420077892244868
2021-11-08 05:12:44,0.0050445281501669,0.112937065092163,0.0416135611072258
2021-11-08 05:12:35,0.00509928744120431,0.112322476420139,0.0422435365823676
2021-11-08 05:12:25,0.00507314084909229,0.112567762150275,0.0422651303158259
2021-11-08 05:12:15,0.00513554337120023,0.112738223491779,0.0419595825029686
2021-11-08 05:12:06,0.00511655180375512,0.112209096578596,0.0421216287135645
2021-11-08 05:11:56,0.00509520187986065,0.112793734675566,0.042489054501695
2021-11-08 05:11:46,0.00509576419785897,0.112598624322794,0.0425544857531497
2021-11-08 05:11:36,0.0050434858872797,0.112883489747285,0.0422348718136582
2021-11-08 05:11:26,0.00508992609760756,0.112359998668463,0.0420385678552824
2021-11-08 05:11:16,0.00506287201318275,0.11261895194539,0.0422692711826204
2021-11-08 05:11:07,0.00507706538711343,0.112961558685525,0.0421485966400598
2021-11-08 05:10:57,0.00511411892911868,0.11271319913785,0.0416290677862194
2021-11-08 05:10:47,0.00515215278932996,0.113003701249781,0.0422265022943081
2021-11-08 05:10:37,0.00504392320121929,0.112593294940196,0.0420610337162853
2021-11-08 05:10:28,0.00500937868687657,0.113039310803898,0.041913841040575
2021-11-08 05:10:18,0.00507953466755229,0.112803678852705,0.0417880015629515
2021-11-08 05:10:08,0.00501063332306892,0.11314163448046,0.0421510079605115
2021-11-08 05:09:58,0.00505162796723217,0.112421719417819,0.0418738685481935
2021-11-08 05:09:49,0.00509800192749784,0.112732657156852,0.0422508209239046
2021-11-08 05:09:39,0.0050904710563049,0.112371072882692,0.0420816123644731
2021-11-08 05:09:29,0.00501821137236089,0.113151605277133,0.0423043240231187
2021-11-08 05:09:19,0.00511911001466279,0.112635288882241,0.0422981613345597
2021-11-08 05:09:10,0.00508580375873681,0.112824999669615,0.0419090391789479
2021-11-08 05:09:00,0.00503706132738591,0.112886807650245,0.0420080918784182
2021-11-08 05:08:50,0.00505076304913473,0.112930725365498,0.0417449571055993
2021-11-08 05:08:40,0.00507360574758632,0.112503349547687,0.0417612186292002
2021-11-08 05:08:30,0.0050930834472309,0.112428936767679,0.0421466101748319
2021-11-08 05:08:20,0.00501553946338014,0.112619924085392,0.0421628195800327
2021-11-08 05:08:11,0.00503610333043051,0.112624644709059,0.0419016013233241
2021-11-08 05:08:01,0.00503345256887415,0.112575975467224,0.0424440362335608
2021-11-08 05:07:51,0.00508224957440612,0.112452128598935,0.0419473491902917
2021-11-08 05:07:41,0.00508791691232626,0.112455132413517,0.0421478446805525
2021-11-08 05:07:31,0.00514034527036317,0.112111360125608,0.0420944250888804
2021-11-08 05:07:21,0.00507672373021345,0.112702282041918,0.0424045703470279
2021-11-08 05:07:11,0.00510111603045316,0.112505357967534,0.042191767004712
2021-11-08 05:07:02,0.00503889357814585,0.112627253706542,0.0418866209262242
2021-11-08 05:06:52,0.00510465182220959,0.112698987607251,0.0423732647054103
2021-11-08 05:06:43,0.00508166768461621,0.11222178227276,0.0416128059419681
2021-11-08 05:06:33,0.00512757059591407,0.112467774399794,0.0423812137716304
2021-11-08 05:06:24,0.005107215122994,0.112533294091601,0.0419256964433678
2021-11-08 05:06:14,0.00506902966058874,0.11261553185346,0.0423587646670171
2021-11-08 05:06:04,0.00502803723274311,0.112408033682787,0.0422177731103242
2021-11-08 05:05:55,0.00512443372948089,0.11277309273131,0.0419330795525396
2021-11-08 05:05:45,0.00508202243207272,0.112355789513092,0.0420372358227655
2021-11-08 05:05:35,0.00502752294831974,0.112289194545446,0.0414895942203738
2021-11-08 05:05:25,0.00508727571285825,0.112474915811004,0.0423300555426983
2021-11-08 05:05:15,0.00506350786115623,0.112626105229279,0.0420608851538128
2021-11-08 05:05:06,0.00510943718718117,0.112487838869373,0.0422210359898306
2021-11-08 05:04:56,0.00505274561492757,0.112798922983766,0.0424071052644338
2021-11-08 05:04:46,0.005,0.112957107716469,0.0420408921381755
2021-11-08 05:04:37,0.00502918799003601,0.112214202091983,0.0422534147018955
2021-11-08 05:04:27,0.00507093352205138,0.112506679783238,0.0417743759400344
2021-11-08 05:04:18,0.00510086646794406,0.112483928660814,0.0416234550485014
2021-11-08 05:04:08,0.00504369571369111,0.11238893726379,0.0419040844072943
2021-11-08 05:03:59,0.00508399433041262,0.112588927355135,0.0420408448019201
2021-11-08 05:03:49,0.00506021720070482,0.112353939482085,0.0415865348860748
2021-11-08 05:03:39,0.00514140164046436,0.112401535571252,0.0421759601263803
2021-11-08 05:03:30,0.00511898297857409,0.112604813343887,0.0419658919348892
2021-11-08 05:03:20,0.00506418518563514,0.112717906206866,0.0416890813059387
2021-11-08 05:03:10,0.0050874835836518,0.112515136780601,0.0419330449826795
2021-11-08 05:03:00,0.00507790036491643,0.112828642849881,0.0420716452209096
2021-11-08 05:02:50,0.00513386052284214,0.111840576740749,0.0418193763276077
2021-11-08 05:02:41,0.00508628556538766,0.112536966316926,0.0417126236948662
2021-11-08 05:02:31,0.00514954165241731,0.112526232253103,0.0418977558502812
2021-11-08 05:02:22,0.00511952249364403,0.112598746511594,0.042533758609985
2021-11-08 05:02:12,0.00512296411031592,0.112319800255216,0.0418526369795431
2021-11-08 05:02:03,0.0051216714889527,0.111843717646564,0.0423093400491485
2021-11-08 05:01:53,0.00513410301365695,0.112246232021655,0.0421502790917082
2021-11-08 05:01:44,0.00510256484799108,0.11237420422496,0.042025316738139
2021-11-08 05:01:34,0.00513364684551719,0.112646123059013,0.0420880148262911
2021-11-08 05:01:24,0.00509343734561926,0.112446230026653,0.0421199884374098
2021-11-08 05:01:14,0.00508652138980905,0.112367407849738,0.0421967954088359
2021-11-08 05:01:04,0.00513371269791768,0.112673223356279,0.0420879622798214
2021-11-08 05:00:54,0.0051067457374306,0.112583501103139,0.0424971064544187
2021-11-08 05:00:44,0.00509146833273556,0.112338343540101,0.0421168869491636
2021-11-08 05:00:35,0.00509868270154546,0.112768025379822,0.0416946906423669
2021-11-08 05:00:25,0.00509945858552168,0.112493658772573,0.041845480106259
2021-11-08 05:00:15,0.00516730071821515,0.11214093574987,0.0416660299647439
2021-11-08 05:00:05,0.00511788690328794,0.112589789203329,0.0418449406335834
2021-11-08 04:59:55,0.0051993862071349,0.112831295698753,0.0420258357079469
2021-11-08 04:59:46,0.00516856741311456,0.1126834790229,0.041512082146281
2021-11-08 04:59:36,0.00506538480755682,0.112418977764641,0.0418341194768269
2021-11-08 04:59:26,0.00513815878603211,0.112992045084922,0.0419432834927764
2021-11-08 04:59:17,0.00511423845985667,0.112879212976811,0.0423288835632523
2021-11-08 04:59:07,0.00508816699166725,0.1123027958606,0.0423338693539681
2021-11-08 04:58:57,0.00511376541098668,0.112091640981182,0.0421077875383401
2021-11-08 04:58:47,0.00516419513752186,0.112318141000381,0.0419944023058695
2021-11-08 04:58:38,0.0051060794116212,0.112712463076502,0.0418534369339721
2021-11-08 04:58:28,0.00516672577314933,0.112247575484849,0.0420676991048922
2021-11-08 04:58:18,0.00515360292602582,0.11271582652226,0.0418707865766156
2021-11-08 04:58:08,0.00513523348971736,0.113216347851979,0.0418739617686
2021-11-08 04:57:58,0.00513090157741164,0.112281153145443,0.0422843257402637
2021-11-08 04:57:49,0.00520444317833097,0.1121818246165,0.0417602933294412
2021-11-08 04:57:39,0.00504967256912138,0.112805829627336,0.0424094132016774
2021-11-08 04:57:29,0.00510644521022285,0.112472806699068,0.0417418770656029
2021-11-08 04:57:19,0.00514687964659051,0.112324883539772,0.0424085696078947
2021-11-08 04:57:09,0.00504770443234854,0.112617530319486,0.0415011517679294
2021-11-08 04:57:00,0.0052311050242147,0.113426584333445,0.0420209700409103
2021-11-08 04:56:50,0.00513621831200841,0.112515795649029,0.0420760475576571
2021-11-08 04:56:40,0.00504532217715535,0.113202674231008,0.042419138435162
2021-11-08 04:56:31,0.00525280227014991,0.111899376574569,0.0423341608528108
2021-11-08 04:56:20,0.00534813427600302,0.111933973714509,0.0419255967224923
2021-11-08 04:56:10,0.00519173972576456,0.112545055789664,0.0417505334062672
2021-11-08 04:56:00,0.00517231852412563,0.112178733099164,0.0419576939890254
2021-11-08 04:55:50,0.005,0.112058954476027,0.0421847388270632
2021-11-08 04:55:40,0.00509843606405446,0.112221384354578,0.0419536713809957
2021-11-08 04:55:30,0.00502080909972407,0.113148717936743,0.0418719717822947
2021-11-08 04:55:20,0.005,0.113074199767652,0.0419081056070482
2021-11-08 04:55:11,0.005,0.112287319858518,0.042061762853501
2021-11-08 04:55:01,0.00525135453923285,0.113708676912801,0.0420678226041646
2021-11-08 04:54:52,0.00512624768418193,0.112122416095922,0.0417360215962242
2021-11-08 04:54:42,0.00523204539803066,0.112823086337205,0.0421323212507769
2021-11-08 04:54:32,0.005,0.112889937890685,0.0418749586288848
2021-11-08 04:54:22,0.005,0.112616624210841,0.0420461935441244
2021-11-08 04:54:13,0.005,0.112405799061723,0.0421472781589902
2021-11-08 04:54:03,0.00525324484366648,0.112917632302763,0.0420108326200049
2021-11-08 04:53:54,0.00526629240980271,0.112403671887467,0.0424881510449307
2021-11-08 04:53:44,0.005,0.115522341901532,0.0424352336035822
2021-11-08 04:53:35,0.00509995208234234,0.112774101546327,0.0416499452001206
2021-11-08 04:53:25,0.00511091527524543,0.111688240550185,0.0418318650457009
2021-11-08 04:53:16,0.00516573015712922,0.112379013976127,0.0420392411333323
2021-11-08 04:53:06,0.00509810374409737,0.112475793590106,0.0420236721590468
2021-11-08 04:52:57,0.005,0.11328784172303,0.0418449906633268
2021-11-08 04:52:47,0.00547748504847983,0.112176164656896,0.0422913703190989
2021-11-08 04:52:37,0.00543071873417776,0.112432676416826,0.0423943538820723
2021-11-08 04:52:28,0.0055356510325067,0.111811397780322,0.0423790102355162
2021-11-08 04:52:18,0.00512939494766839,0.113615142887339,0.0418040499345111
2021-11-08 04:52:08,0.00519449504995647,0.111897207022421,0.0417764085932023
2021-11-08 04:51:58,0.00559910272226461,0.110319359065117,0.042099660286666
2021-11-08 04:51:48,0.00547379877587005,0.114758487160783,0.0423742918070443
2021-11-08 04:51:38,0.00542445182914164,0.113141355686468,0.042015619065671
2021-11-08 04:51:28,0.00530501206397049,0.112309448809084,0.0419343914789468
2021-11-08 04:51:18,0.00567788925753235,0.110131148371257,0.0418700766667935
2021-11-08 04:51:09,0.00556172619940821,0.110812232050709,0.0422426504597509
2021-11-08 04:50:59,0.0053300380851266,0.113547639604669,0.0415880993068712
2021-11-08 04:50:50,0.0056038080959867,0.111054084040142,0.042262070010574
2021-11-08 04:50:40,0.00524372849914212,0.112241943555666,0.0424646812909174
2021-11-08 04:50:31,0.005,0.112123709456715,0.0418956081036146
2021-11-08 04:50:21,0.00515622416805693,0.112753039046889,0.0422279052340175
2021-11-08 04:50:12,0.00550604938979263,0.111428037784031,0.0417190253463862
2021-11-08 04:50:02,0.005236027193562,0.111995165791948,0.042034530588988
2021-11-08 04:49:52,0.00515741920340235,0.113767300410307,0.0419596803779602
2021-11-08 04:49:43,0.00524134714934542,0.112604051132757,0.0418237918279597
2021-11-08 04:49:33,0.005,0.114267913369691,0.0420793382378964
2021-11-08 04:49:23,0.00512536365464494,0.11337419530621,0.0421693884867133
2021-11-08 04:49:13,0.00526643063783585,0.111140752895422,0.0420984695732595
2021-11-08 04:49:03,0.00516920961069421,0.113124719053835,0.0418039733030762
2021-11-08 04:48:54,0.00521660945411339,0.111892164476882,0.0423853200180869
2021-11-08 04:48:44,0.00536753440706729,0.114567965820422,0.0423265233666052
2021-11-08 04:48:35,0.00523260137229602,0.111329882018543,0.0425406351298582
2021-11-08 04:48:25,0.00519787510428552,0.111577961927161,0.0418734671716674
2021-11-08 04:48:15,0.0052879640202986,0.113058533430816,0.0418689530695174
2021-11-08 04:48:06,0.0054174212669214,0.111578179979157,0.0424988036297789
2021-11-08 04:47:56,0.00532503734146257,0.112463339758097,0.0420763879414384
2021-11-08 04:47:46,0.00531985962966046,0.110879652120718,0.042044520985428
2021-11-08 04:47:37,0.00525535330505414,0.112127316622031,0.0421862981209634
2021-11-08 04:47:27,0.00523679341228708,0.112264946407607,0.0418108280218147
2021-11-08 04:47:17,0.00505641250987887,0.111834598227338,0.0420734032883554
2021-11-08 04:47:07,0.0052766239743386,0.111041057392495,0.0422297176628031
2021-11-08 04:46:57,0.00503838021510034,0.11228424389635,0.0420439591620978
2021-11-08 04:46:47,0.00535130377547671,0.110828297704411,0.0419456546689707
2021-11-08 04:46:38,0.00529413359472879,0.111966117038789,0.0418801775443401
2021-11-08 04:46:28,0.00515876420248121,0.112376926709514,0.0422066355392564
2021-11-08 04:46:18,0.0051806712128096,0.111129925701665,0.0418196952307794
2021-11-08 04:46:08,0.00542660662613968,0.111085780264292,0.0422660369348697
2021-11-08 04:45:59,0.00533957373955707,0.111015978755929,0.0420045416376611
2021-11-08 04:45:49,0.00524746271528621,0.110739583244183,0.0419330433988651
2021-11-08 04:45:40,0.00509260470929631,0.112792461447241,0.0420838077248606
2021-11-08 04:45:30,0.00543179375426003,0.109740496835722,0.0419690041055093
2021-11-08 04:45:20,0.00552573366555165,0.110825528271071,0.0423361735423775
2021-11-08 04:45:11,0.00543325922555319,0.112959558907612,0.0422967804392407
2021-11-08 04:45:01,0.00522880094617424,0.112525493005179,0.0423411186571418
2021-11-08 04:44:52,0.00523636288688132,0.112683120156194,0.0419636300427623
2021-11-08 04:44:42,0.00547404064912825,0.109312801080123,0.0422083778208808
2021-11-08 04:44:32,0.00523592389723327,0.112961471807057,0.0419931606569968
2021-11-08 04:44:22,0.00523739864866376,0.109458995257076,0.0420562760073855
2021-11-08 04:44:12,0.00549385805759982,0.109848485912121,0.0423199838804755
2021-11-08 04:44:02,0.00523878075640738,0.110553140180982,0.0420055148590081
2021-11-08 04:43:52,0.00547538164924806,0.109551711713276,0.0419478633196179
2021-11-08 04:43:42,0.00536522187066398,0.110180011923103,0.0421654817459687
2021-11-08 04:43:33,0.00533523998754221,0.113552900427847,0.0424359655914656
2021-11-08 04:43:23,0.0050023737539437,0.114345092295663,0.0422267716093753
2021-11-08 04:43:14,0.00538975671513445,0.110471011253759,0.0417719889718936
2021-11-08 04:43:04,0.00512654146886959,0.11002110120084,0.0421262422644803
2021-11-08 04:42:54,0.00509046012182358,0.113725366270298,0.0421950363112193
2021-11-08 04:42:44,0.00528074898357379,0.112616791429681,0.0418954694841302
2021-11-08 04:42:34,0.00524425221415447,0.112820328997604,0.0418092363306415
2021-11-08 04:42:25,0.00542083182577712,0.110536719234407,0.0422798342658763
2021-11-08 04:42:15,0.00501863911370606,0.109353128913734,0.0424176015738449
2021-11-08 04:42:05,0.00505692605956363,0.112487249996262,0.0418338375062411
2021-11-08 04:41:55,0.00538080895199421,0.11168106785024,0.0424177205708663
2021-11-08 04:41:45,0.00542271187345713,0.108290798739744,0.0421522643797139
2021-11-08 04:41:35,0.00538010768341405,0.110788642820578,0.0423835466617822
2021-11-08 04:41:26,0.00534675293775664,0.114645058887825,0.0419665377264242
2021-11-08 04:41:16,0.00520305624469554,0.11147292470885,0.0423572032928242
2021-11-08 04:41:07,0.00540116837165985,0.109792946785354,0.041543048787737
2021-11-08 04:40:57,0.00538098098837024,0.111399106631745,0.041822793660028
2021-11-08 04:40:48,0.00516518773117011,0.112134464591824,0.0418487911022178
2021-11-08 04:40:38,0.00526933375588874,0.11203852969936,0.041522936500886
2021-11-08 04:40:28,0.00521520459607612,0.111098200069959,0.0416255852340725
2021-11-08 04:40:18,0.00533704648254582,0.112634387085662,0.0424010891943747
2021-11-08 04:40:08,0.00514708697956337,0.112902731294225,0.0419227416114345
2021-11-08 04:39:58,0.00533097805541427,0.111180340185595,0.0422968253657882
2021-11-08 04:39:48,0.00545544815516342,0.110412503213182,0.0422204641591738
2021-11-08 04:39:38,0.00500323641122593,0.115718374505849,0.0423007746168117
2021-11-08 04:39:28,0.00524144754751349,0.11611417380428,0.0425382634570671
2021-11-08 04:39:18,0.00514304546790121,0.111906309002287,0.0418321145780386
2021-11-08 04:39:08,0.00509284534819826,0.105075144008829,0.0419661608353997
2021-11-08 04:38:58,0.005,0.110410090582338,0.0420659951833602
2021-11-08 04:38:48,0.00529141664791439,0.115167093215682,0.0419054439357193
2021-11-08 04:38:39,0.0052196537477293,0.113368117972062,0.0420884864738061
2021-11-08 04:38:29,0.0052701657662931,0.114791721280743,0.0422890900168536
2021-11-08 04:38:19,0.00568423390075914,0.112194510944676,0.0423619467790317
2021-11-08 04:38:09,0.00515850504531848,0.114213938352076,0.0424163829679131
2021-11-08 04:37:59,0.00516681224626886,0.109742802694712,0.0425840369747552
2021-11-08 04:37:49,0.00540588714095318,0.107659823924152,0.0424008360722386
2021-11-08 04:37:39,0.00527301392110744,0.110789823648375,0.0422701062548167
2021-11-08 04:37:29,0.00577995030638037,0.11862614353155,0.0421162966694949
2021-11-08 04:37:19,0.005,0.112604127451232,0.0422675827224457
2021-11-08 04:37:09,0.00548830934854371,0.112325836085638,0.0422180263059928
2021-11-08 04:36:58,0.00526032057634343,0.109505832054036,0.0421002035374517
2021-11-08 04:36:48,0.00511654441402744,0.115135548874226,0.0423630833102739
2021-11-08 04:36:39,0.00502859523086487,0.108838876801084,0.0423528680277498
2021-11-08 04:36:29,0.005,0.110042391907624,0.0421822838058751
2021-11-08 04:36:19,0.00522177512793196,0.116339088657999,0.0422725814715737
2021-11-08 04:36:10,0.00505419791429671,0.103902531296508,0.0419201428286211
2021-11-08 04:36:00,0.00547073562842883,0.113741407559431,0.0415947725628776
2021-11-08 04:35:50,0.00529922063661167,0.118007039215566,0.0421350820768898
2021-11-08 04:35:40,0.00555409386099999,0.114698395055875,0.0423571422082117
2021-11-08 04:35:30,0.005,0.10247310661382,0.0419789650719753
2021-11-08 04:35:20,0.00547458920513795,0.11560789542634,0.0417759982455339
2021-11-08 04:35:11,0.0056722736843548,0.105841829053707,0.0420714423040378
2021-11-08 04:35:01,0.005,0.0951707696286374,0.0422606085364845
2021-11-08 04:34:51,0.00513981176804592,0.10814618043295,0.0423442988499909
2021-11-08 04:34:41,0.00600903811764014,0.103800991879133,0.042564219260206
2021-11-08 04:34:31,0.00530102176207775,0.103613241339384,0.0417132486686064
2021-11-08 04:34:21,0.005,0.115475899646412,0.041993987638108
2021-11-08 04:34:11,0.00542704710895466,0.102235517149892,0.042215383235852
2021-11-08 04:34:01,0.00569604289962814,0.103107445325934,0.0422858916559307
2021-11-08 04:33:51,0.00564307775221445,0.102635953305123,0.0425610843584102
2021-11-08 04:33:41,0.0057222688903797,0.106624476445515,0.0415666683858984
2021-11-08 04:33:31,0.00580248505119713,0.106119211808176,0.04179724169532
2021-11-08 04:33:21,0.00575942318804781,0.112963024032244,0.0425801008592454
2021-11-08 04:33:11,0.00573140055933473,0.109656527757782,0.0422125677864985
2021-11-08 04:33:02,0.00587939687887716,0.116751523448467,0.0426691541361019
2021-11-08 04:32:52,0.00677846032813573,0.111039339142943,0.0422656019178208
2021-11-08 04:32:42,0.00521259294029082,0.0956916911505485,0.0426147524565627
2021-11-08 04:32:32,0.005,0.0930492985522562,0.0426948862408692
2021-11-08 04:32:22,0.005,0.103046907220196,0.0420028464578014
2021-11-08 04:32:12,0.00589947808130808,0.111483755795656,0.0417060500648438
2021-11-08 04:32:02,0.00616819592286138,0.117411798194997,0.042191056716608
2021-11-08 04:31:52,0.00594300430631238,0.119361146882144,0.0424158412338223
2021-11-08 04:31:42,0.00565534946582436,0.111051363346764,0.0425746810107904
2021-11-08 04:31:32,0.005,0.108920984269206,0.0422944569947977
2021-11-08 04:31:23,0.005,0.112371168516246,0.0418802817395417
2021-11-08 04:31:13,0.005,0.127085897665994,0.0429413073733043
2021-11-08 04:31:03,0.00595749101919893,0.105082813929785,0.0421995744154102
2021-11-08 04:30:53,0.0056951638466393,0.0967574364102923,0.0418888114294638
2021-11-08 04:30:44,0.00513384903031217,0.116959113112086,0.0422795044742517
2021-11-08 04:30:34,0.005,0.106731248853742,0.0415838763928378
2021-11-08 04:30:24,0.005,0.120635638403286,0.0423722224178722
2021-11-08 04:30:14,0.005,0.089876662845647,0.0419863690709721
2021-11-08 04:30:03,0.005,0.0843678500665333,0.0424643750404679
2021-11-08 04:29:53,0.0050316065895784,0.127850725765139,0.0426748594021182
2021-11-08 04:29:42,0.00521693536861247,0.103239999904753,0.0419662205549388
2021-11-08 04:29:31,0.00624438861669722,0.104956226155473,0.0423294879155735
2021-11-08 04:29:21,0.00579883127687645,0.103559098389724,0.0424076448440627
2021-11-08 04:29:10,0.00645455442620591,0.0906243212790346,0.0424868082530939
2021-11-08 04:28:59,0.00590816420437859,0.0984061519634,0.0423935157329787
2021-11-08 04:28:48,0.00503098823644349,0.102607408244322,0.0417810946026873
2021-11-08 04:28:38,0.00657438113568461,0.103533183958501,0.042088639043542
2021-11-08 04:28:27,0.00558632477781075,0.0945296703802892,0.0421934123670771
2021-11-08 04:28:17,0.00536372753263091,0.101308664186793,0.042270591190579
2021-11-08 04:28:06,0.00606556453030579,0.0790874699408097,0.0435212879618471
2021-11-08 04:27:55,0.00553646709338482,0.114455842692086,0.0425697905033751
2021-11-08 04:27:44,0.00590025755001012,0.10998639940777,0.0420258195140618
2021-11-08 04:27:33,0.00658894080146177,0.0892702226290147,0.0423478608396877
2021-11-08 04:27:22,0.00562512009353432,0.107720847189861,0.0421204179011543
2021-11-08 04:27:11,0.00503715713730293,0.0895539738444497,0.0424967775755678
2021-11-08 04:27:01,0.005,0.0966139120263906,0.0424762201579908
2021-11-08 04:26:50,0.00604435192988821,0.0986438500456475,0.0423049316292583
2021-11-08 04:26:39,0.00591681951326434,0.0792991653682448,0.0435030437770437
2021-11-08 04:26:29,0.00595628697743463,0.121862766917195,0.0421855814497619
2021-11-08 04:26:18,0.005,0.100876398335204,0.0424497862642767
2021-11-08 04:26:06,0.00553794881131808,0.0865508600608011,0.0425068683951899
2021-11-08 04:25:56,0.005,0.0755957067158982,0.0432395032841586
2021-11-08 04:25:45,0.00537271370349677,0.0910739120315221,0.0426731429520045
2021-11-08 04:25:35,0.00553302340513451,0.128930504283381,0.0426921738298125
2021-11-08 04:25:23,0.00537477351876306,0.0815762224588929,0.0434364700546638
2021-11-08 04:25:12,0.00652362945705763,0.11977679586452,0.0425417814024067
2021-11-08 04:25:01,0.00510516218254266,0.110922067995481,0.041740748991913
2021-11-08 04:24:51,0.00526078201894815,0.089488358661164,0.0427012576351663
2021-11-08 04:24:40,0.00585657902824093,0.0875549828228085,0.0431159831264787
2021-11-08 04:24:29,0.00588439725489496,0.0996057998517477,0.0417611123829802
2021-11-08 04:24:19,0.00566231640402661,0.079103453980481,0.0435433156823128
2021-11-08 04:24:08,0.00634952964723669,0.0812039422680843,0.043372070510589
2021-11-08 04:23:58,0.00507248095242213,0.0768558774704661,0.0436956888904329
2021-11-08 04:23:48,0.00588804814681336,0.0953240948198562,0.042020943373673
2021-11-08 04:23:38,0.00710368273063772,0.111164912897369,0.0422810463871669
2021-11-08 04:23:28,0.00614093229708511,0.1334079042026,0.0438276814015757
2021-11-08 04:23:17,0.0098169101348024,0.0837980762597905,0.0436275273026135
2021-11-08 04:23:07,0.00583220247202308,0.0887840721656665,0.0423711934638239
2021-11-08 04:22:55,0.006162179225266,0.085810784861509,0.043234544926009
2021-11-08 04:22:44,0.00706407282493025,0.0899596460780181,0.0427378477919736
2021-11-08 04:22:33,0.00784086614196964,0.059715942530708,0.0458262393649085
2021-11-08 04:22:23,0.00722461507280561,0.106940760515313,0.0424280826656545
2021-11-08 04:22:13,0.00707641103515358,0.0843468272310103,0.0434053990176744
2021-11-08 04:22:02,0.00709318192617392,0.0651524006028103,0.044930535981775
2021-11-08 04:21:51,0.0087881221920039,0.0837926155423323,0.0431996926060363
2021-11-08 04:21:41,0.0060485421177154,0.115971782555357,0.0422962913006562
2021-11-08 04:21:31,0.0055393157700685,0.0187476306426052,0.0514043277791065
2021-11-08 04:21:21,0.00825336442027148,0.112090061375941,0.0425237582527708
2021-11-08 04:21:10,0.00702015816265922,0.0364746512160943,0.0484795425861667
2021-11-08 04:21:00,0.005,0.0766057138692333,0.0433917100723524
2021-11-08 04:20:49,0.00847805034106304,0.034776997897282,0.0491084539662675
2021-11-08 04:20:38,0.00932839201131859,0.124041463515469,0.0435973592160446
2021-11-08 04:20:27,0.00575160191878138,0.0588903070975279,0.0451942561764414
2021-11-08 04:20:15,0.00797655356023652,0.0836029136727652,0.0429259277354341
2021-11-08 04:20:05,0.00612604670534885,0.0284454707310216,0.0496685291676118
2021-11-08 04:19:54,0.00825996875657098,0.0291907276623491,0.0497515108553467
2021-11-08 04:19:43,0.00743797881515988,0.0804088588128417,0.0434078978827032
2021-11-08 04:19:33,0.00710264054048662,0.0707471042110966,0.0442613514707469
2021-11-08 04:19:22,0.00870066500122561,0.189469988132737,0.0561653991057748
2021-11-08 04:19:10,0.00843114425458685,0.015,0.052188316957218
2021-11-08 04:19:00,0.005,0.0728631413882127,0.0437601620470319
2021-11-08 04:18:49,0.0120285745595294,0.126264266240637,0.044431954770766
2021-11-08 04:18:36,0.013270634080921,0.115434021015352,0.0441754981380355
2021-11-08 04:18:25,0.00757936618076539,0.0906767213578345,0.0426911573070884
2021-11-08 04:18:14,0.0097786299191335,0.0531592712119303,0.0461166707967614
2021-11-08 04:18:02,0.0101112643749492,0.015,0.0517907954930317
2021-11-08 04:17:51,0.0064358363657831,0.292700023891692,0.0992736359795521
2021-11-08 04:17:41,0.00596917358612812,0.206477007272596,0.0635243985847933
2021-11-08 04:17:29,0.00866046440332374,0.108851361945383,0.0428921391557711
2021-11-08 04:17:17,0.005,0.176192318047061,0.0517138533001683
2021-11-08 04:17:04,0.005,0.23472333600699,0.0746129187598663
2021-11-08 04:16:53,0.00698544329349691,0.0516220858075258,0.0469863354395336
2021-11-08 04:16:42,0.0148485466575264,0.3,0.108360138634873
2021-11-08 04:16:31,0.00823465992942129,0.015,0.0519068363972616
2021-11-08 04:16:20,0.0114871513167851,0.25068168238836,0.0817362315428035
2021-11-08 04:16:08,0.00600894535275965,0.153593645301027,0.0473419211529082
2021-11-08 04:15:58,0.0107266719836687,0.235323374924562,0.0765553155306397
2021-11-08 04:15:47,0.005,0.015,0.0521847991793573
2021-11-08 04:15:36,0.005,0.17790117710061,0.0527478269474159
2021-11-08 04:15:25,0.00830324714831461,0.135172461468321,0.04439509074561
2021-11-08 04:15:14,0.0121027223733175,0.015,0.0518738041889339
2021-11-08 04:15:04,0.00963992055589225,0.117166253920829,0.0434572575952561
2021-11-08 04:14:53,0.00984669368505057,0.106227677608061,0.0436018856627332
2021-11-08 04:14:41,0.0105417935190995,0.015,0.0517945938252188
